<filetype binary="false" description="drl" name="drl">
  <highlighting>
    <options>
      <option name="LINE_COMMENT" value="//" />
      <option name="COMMENT_START" value="/*" />
      <option name="COMMENT_END" value="*/" />
      <option name="HEX_PREFIX" value="" />
      <option name="NUM_POSTFIXES" value="" />
    </options>
    <keywords keywords="end;import;package;rule;then;when" ignore_case="false" />
  </highlighting>
  <extensionMap>
    <mapping ext="drl" />
  </extensionMap>
</filetype>