<application>
  <component name="PlantUmlSettingsNew">
    <option name="PLANTUML_LIMIT_SIZE" value="" />
    <option name="customPlantumlJarPath" value="" />
    <option name="displaySvg" value="false" />
    <option name="includedPaths" value="" />
    <option name="lastBundledVersion" value="1.2023.0" />
    <option name="previewSettings">
      <PreviewSettings>
        <option name="splitEditorLayout" value="Show editor only" />
      </PreviewSettings>
    </option>
  </component>
</application>