<application>
  <component name="PostfixTemplates">
    <template id="isBlank@userDefined" key=".isBlank" provider="builtin.java" language-level="8" topmost="false">
      <conditions />
      <template name="fakeKey" value="StringUtils.isBlank($EXPR$)" toReformat="true" toShortenFQNames="true" />
    </template>
    <template id="notBlank@userDefined" key=".notBlank" provider="builtin.java" language-level="8" topmost="false">
      <conditions />
      <template name="fakeKey" value="StringUtils.isNotBlank($EXPR$)" toReformat="true" toShortenFQNames="true" />
    </template>
    <template id="nonNull@userDefined" key=".nonNull" provider="builtin.java" language-level="8" topmost="false">
      <conditions />
      <template name="fakeKey" value="Objects.nonNull($EXPR$)" toReformat="true" toShortenFQNames="true" />
    </template>
    <template id="isEmpty@userDefined" key=".isEmpty" provider="builtin.java" language-level="8" topmost="false">
      <conditions>
        <condition id="non void" />
      </conditions>
      <template name="fakeKey" value="StringUtils.isEmpty($EXPR$)" toReformat="true" toShortenFQNames="true" />
    </template>
    <template id="notnull@userDefined" key=".isNull" provider="builtin.java" language-level="8" topmost="false">
      <conditions>
        <condition id="non void" />
      </conditions>
      <template name="fakeKey" value="Objects.isNull($EXPR$)" toReformat="true" toShortenFQNames="true" />
    </template>
    <template id="notEmpty@userDefined" key=".notEmpty" provider="builtin.java" language-level="8" topmost="false">
      <conditions />
      <template name="fakeKey" value="StringUtils.isNotEmpty($EXPR$)" toReformat="true" toShortenFQNames="true" />
    </template>
  </component>
</application>