<application>
  <component name="ProjectManager">
    <defaultProject>
      <component name="AutoImportSettings">
        <option name="autoReloadType" value="SELECTIVE" />
      </component>
      <component name="CompilerWorkspaceConfiguration">
        <option name="PARALLEL_COMPILATION" value="true" />
      </component>
      <component name="MavenImportPreferences">
        <option name="generalSettings">
          <MavenGeneralSettings>
            <option name="threads" value="1C" />
          </MavenGeneralSettings>
        </option>
      </component>
      <component name="ProjectViewState">
        <option name="showLibraryContents" value="true" />
      </component>
      <component name="PropertiesComponent"><![CDATA[{
  "keyToString": {
    "settings.editor.selected.configurable": "preferences.pluginManager"
  }
}]]></component>
      <component name="ThriftCompiler">
        <compilers />
      </component>
      <component name="WindowStateProjectService">
        <state x="499" y="194" key="SettingsEditor" timestamp="1680593611209">
          <screen x="0" y="25" width="1920" height="1055" />
        </state>
        <state x="499" y="194" key="SettingsEditor/-1440.147.1440.875/0.25.1920.1055" timestamp="1680593611209" />
      </component>
      <component name="masterDetails">
        <states>
          <state key="ProjectJDKs.UI">
            <settings>
              <last-edited>1.8</last-edited>
              <splitter-proportions>
                <option name="proportions">
                  <list>
                    <option value="0.2" />
                  </list>
                </option>
              </splitter-proportions>
            </settings>
          </state>
        </states>
      </component>
    </defaultProject>
  </component>
</application>