<application>
  <component name="PostfixTemplates">
    <template id="ob_null@userDefined" key=".ob_null" provider="builtin.java" language-level="1.3" topmost="false">
      <conditions>
        <condition id="non void" />
      </conditions>
      <template name="fakeKey" value="Objects.isNull($EXPR$)$END$&#10;" toReformat="true" toShortenFQNames="true" />
    </template>
    <template id="ob_null@userDefined" key=".ob_nn" provider="builtin.java" language-level="1.3" topmost="false">
      <conditions>
        <condition id="non void" />
      </conditions>
      <template name="fakeKey" value="Objects.nonNull($EXPR$)$END$" toReformat="true" toShortenFQNames="true" />
    </template>
    <template id="ob_eq@userDefined" key=".ob_eq" provider="builtin.java" language-level="8" topmost="false">
      <conditions>
        <condition id="non void" />
      </conditions>
      <template name="fakeKey" value="Objects.equals($EXPR$, $END$)&#10;" toReformat="true" toShortenFQNames="true" />
    </template>
  </component>
</application>