<application>
  <component name="UISettings">
    <option name="CLOSE_NON_MODIFIED_FILES_FIRST" value="true" />
    <option name="compactTreeIndents" value="true" />
    <option name="DISABLE_MNEMONICS" value="false" />
    <option name="EDITOR_AA_TYPE" value="Greyscale" />
    <option name="EDITOR_TAB_LIMIT" value="14" />
    <option name="HIDE_TOOL_STRIPES" value="true" />
    <option name="IDE_AA_TYPE" value="Greyscale" />
    <option name="OPEN_IN_PREVIEW_TAB_IF_POSSIBLE" value="true" />
    <option name="OVERRIDE_NONIDEA_LAF_FONTS" value="true" />
    <option name="PRESENTATION_MODE_FONT_SIZE" value="16" />
    <option name="SCROLL_TAB_LAYOUT_IN_EDITOR" value="false" />
    <option name="SHOW_NAVIGATION_BAR_MEMBERS" value="false" />
    <option name="SORT_BOOKMARKS" value="true" />
  </component>
</application>